City,ResidentPopulation,"
TotalWaterResources","AreaofLandUsed
forLiving",AreaofParksandGreenLand,GreenCoveredAreaasofCompletedArea,"VolumeofIndustrial
ParticulateEmission",AnnualMeanConcentrationofPM2.5,RatioofWasteWaterCentralizedTreatedofSewageWork,RateofDomesticGarbageHarmlessTreatment,GrossRegionalProduct,PerCapitaGRP,GRPGrowthRate,"SecondaryIndustry
asPercentagetoGRP","TertiaryIndustry
asPercentagetoGRP",LocalGeneralPublicBudgetExpenditure,ExpenditureforEducation,SalesAreaofCommercialResidentialBuilding,ResidentialBuildings,"NumberofIndustrial
Enterprises","TotalRetailSales
ofConsumerGoods
",AverageWageofEmployedWorkers,Number of school,NumberofFull-timeTeachers,CollectionsofPublicLibraries,NumberofMuseums,NumberofHospitals,NumberofLicensedDoctors,"AreaofUrbanPavedRoadsatYear-end
",HighwayPassengerTraffic
Beijing,2189,257600,0.00 ,35720,48.96,4376,38,0.00 ,100,36103,164889,1.2,15.83,83.87,71161762,11382891,971,734,3028,137163960,185026,1590 ,130127.00 ,7241,183,733,118541,10654,24548
Tianjin,1387,132900,289,12114,37.59,10053,48,0.00 ,100,14084,101614,1.5,34.11,64.39,31513505,4429121,1307,1221,5120,35829079,118918,1415 ,93486.00 ,2175,71,423,49236,17510,7926
Shijiazhuang,1124,176100,94,5003,42.85,24707,58,99.3,100,5935,52961,3.85,29.4,62.19,11422265,2185270,656,618,2183,23826607,84870,1899 ,94241.00 ,418,13,328,43597,6332,1150
Tangshan,772,170500,62,3588,42.33,61528,49,99,100,7211,93470,4.4,53.21,38.57,9262511,1657621,716,676,1837,20275562,82483,1473 ,67899.00 ,743,17,209,24878,4580,799
Qinhuangdao,314,93900,40,2406,41.2,8202,34,97,100,1686,53821,4.15,32.68,53.5,3402821,611296,365,330,429,5644041,85609,580 ,29193.00 ,179,6,66,9764,2436,249
Handan,941,122900,48,3553,45.41,21339,57,98.47,100,3637,38623,4.3,43.19,46.44,7892357,1479572,596,526,1435,12008616,71148,2252 ,113619.00 ,222,13,272,26826,4197,1947
Xingtai,711,131600,50,1853,39.16,4157,53,98.17,100,2200,30909,3.7,37.41,48.41,6109699,1183504,575,514,1554,9790869,70311,1329 ,77554.00 ,206,7,196,22726,2543,462
Baoding,1155,262800,57,2399,43.9,5626,50,96.62,100,3954,34269,5.27,33.43,54.15,12374040,1915839,638,595,1645,15532949,75635,2632 ,111323.00 ,289,23,434,37020,4418,2298
Zhangjiakou,412,152200,24,1072,40.49,5007,23,97.31,100,1600,38637,3.56,26.94,56.31,6430738,875496,375,333,452,5622514,73958,638 ,37656.00 ,168,11,130,10846,2102,525
Chengde,335,159700,20,1157,42.98,23332,27,97.8,99.98,1550,46119,4,32.13,46.19,4491623,813262,314,283,399,4741437,73929,587 ,34386.00 ,109,14,93,11669,1274,320
Cangzhou,730,82400,31,825,43.4,6141,47,99.92,100,3700,50713,4.1,38.76,52.73,7350504,1557936,542,521,2100,10520177,80905,1673 ,73163.00 ,291,13,186,22647,1439,1629
Langfang,549,51300,23,1117,47.96,6855,42,98.09,100,3301,60989,3.5,30.96,62.34,6518910,1243996,732,676,1222,13301230,92653,963 ,51247.00 ,338,6,182,16968,1309,954
Hengshui,421,59200,27,1003,42.38,1282,52,99.61,100,1560,36938,4,31.41,53.53,4198530,715851,474,460,978,5786089,68819,772 ,52347.00 ,118,5,148,13165,1192,242
Taiyuan,532,0.00 ,96,4716,46.59,0.00 ,54,0.00 ,0.00 ,4153,78734,2.6,36.21,63.01,6473448,915507,785,704,622,16551131,88650,666 ,40108.00 ,659,19,164,25498,6725,0.00 
Datong,310,117518,55,2231,42.44,11598,31,85.44,100,1370,43982,4.32,37.01,57.88,3881752,547670,245,235,364,6553610,75145,537 ,31090.00 ,121,30,132,10243,2532,0.00 
Yangquan,132,50624,17,707,43.89,0.00 ,46,95,100,742,56245,3.56,45.01,53.5,1546127,211198,52,51,221,2903953,68077,322 ,10822.00 ,76,2,48,4290,283,0.00 
Changzhi,318,113372,16,1384,46.59,0.00 ,0.00 ,95.65,100,1712,53778,5.1,52.51,43.87,3960786,553370,320,311,497,5790391,71306,699 ,27979.00 ,214,18,103,9753,1531,0.00 
Jincheng,219,92840,0.00 ,879,44.64,11448,46,99.8,100,1426,64966,6.1,53.51,42.5,2840023,396119,132,129,425,4689113,73443,509 ,18761.00 ,152,5,94,6508,849,0.00 
Shuozhou,159,82812,12,701,0.00 ,96198,37,97.11,100,1100,0.00 ,4.1,40,54.18,1982824,287790,77,75,350,2985075,77091,251 ,19026.00 ,97,5,82,3653,0.00 ,0.00 
Jinzhong,338,96580,21,996,42.32,24168,42,96.9,99.84,1469,43546,1.5,45.47,46.97,4001461,587806,325,317,806,5933832,74469,871 ,32026.00 ,249,22,101,8080,0.00 ,0.00 
Yuncheng,477,0.00 ,14,627,42.95,0.00 ,57,95.07,100,1644,34383,5.2,34.13,49.57,4176614,688774,332,325,607,7108350,65317,1032 ,50008.00 ,167,23,275,13594,668,469
Xinzhou,269,181163,11,498,43.41,0.00 ,44,95.51,100,1035,35294,4,43.38,48.5,4048335,497989,82,78,478,3816343,69414,630 ,29443.00 ,106,16,113,6426,801,0.00 
Linfen,397,0.00 ,27,740,41.72,31714,52,98.8,100,1505,0.00 ,3.7,42.92,49.57,4393625,591770,259,248,500,6565876,71121,1033 ,42161.00 ,242,21,195,12350,724,0.00 
Lvliang,339,0.00 ,11,445,41.13,0.00 ,33,97.04,100,1538,42200,2.7,59.56,35.57,4611397,703902,77,76,588,4565748,76906,830 ,38094.00 ,142,9,108,8040,433,700
Hohhot,345,92932,78,4128,38.41,0.00 ,0.00 ,98.56,100,2801,81656,0.2,29.13,66.33,4385688,590931,414,382,252,10329350,89549,309 ,22138.00 ,210,31,102,11974,3060,148
Baotou,271,71800,59,2958,44.6,33774,44,96.29,100,2787,102949,2.95,41.37,54.86,3793266,535498,434,405,460,9877995,86333,233 ,19775.00 ,1883,3,102,9658,3192,186
Wuhai,56,23800,20,1095,43,24445,32,98.4,100,563,101238,2.9,64.48,34.46,1132168,121360,32,25,158,1277663,88270,46 ,4001.00 ,73,3,25,1647,1524,56
Chifeng,404,266800,32,1817,40.12,0.00 ,0.00 ,95.61,100,1763,43595,1.4,31.2,49.18,6144794,914566,331,299,271,5834196,79912,537 ,37546.00 ,208,24,101,13768,2613,1019
Tongliao,287,374688,14,964,42.24,0.00 ,34,98.25,100,1277,44521,-0.9,28.97,47.14,3859644,538508,180,166,233,3075741,81558,363 ,27725.00 ,134,10,79,8581,1241,579
Erdos,216,292200,27,1567,43.08,0.00 ,24,98.46,99.91,3534,164387,-2.94,56.76,39.39,6636807,845027,90,82,458,5654658,102903,219 ,21127.00 ,278,30,96,6671,2958,716
Hulunbuir,224,3161900,26,491,37.2,130001,18,97.47,99.52,1172,45923,-3.3,27.9,47.27,4676200,541161,140,118,136,3014241,78803,289 ,19116.00 ,173,42,203,8260,737,334
Bayannur,154,564990,15,163,36.52,33711,33,98.9,99.74,874,56614,-1.5,29.41,45.31,3061615,301538,109,105,264,2183773,83608,136 ,10328.00 ,87,13,54,5325,1126,230
Ulanqab,170,127673,18,983,39.02,0.00 ,0.00 ,96.84,98.13,827,47837,2.4,40.39,42.93,3876342,410633,96,90,279,2287891,81305,190 ,13362.00 ,68,10,57,4690,1111,75
Shenyang,907,270000,0.00 ,8115,40.82,4178,42,98.94,100,6572,75570,0.75,32.87,62.51,10740503,1204395,1381,1286,1592,36376277,95908,584 ,50662.00 ,1648,14,283,33644,8861,4893
Dalian,745,579600,0.00 ,4423,45.34,10891,30,98.5,100,7030,94685,0.9,40.04,53.43,10019838,1193103,715,629,1898,18279958,98812,701 ,42132.00 ,1164,28,210,23298,5036,4321
Anshan,332,311205,61,1976,40.96,11039,44,96.48,100,1739,52020,0.35,40.6,53.02,3480341,444295,246,225,707,6952831,70993,434 ,22199.00 ,336,7,101,7066,3149,2976
Fushun,186,433300,35,1447,45.8,0.00 ,43,89.77,100,828,44137,-3,46.98,45.89,2050813,219680,139,131,260,1785763,74909,208 ,12798.00 ,111,6,51,5228,1476,1032
Benxi,132,405900,28,978,49.94,14278,35,96.81,100,810,60210,2.5,47.28,46.05,1715273,183333,52,49,223,1428582,64857,120 ,10186.00 ,173,6,41,3825,1089,1514
Dandong,218,1115000,33,834,41,3836,29,86.87,84.81,779,35389,0.35,24.26,55.97,2453184,355490,184,174,377,2609631,61537,436 ,16197.00 ,104,4,53,6250,897,631
Jinzhou,270,100560,42,1407,39.23,7684,47,97.18,100,1072,39332,0.05,25.09,55.5,3010316,364449,88,87,338,3163912,71400,387 ,18373.00 ,179,8,76,6112,1029,2632
Yingkou,233,138300,38,1154,40.07,0.00 ,0.00 ,96.54,100,1325,56777,1.6,44.08,47.85,2687386,286109,208,184,680,3977964,72505,198 ,15234.00 ,171,5,122,6284,2281,873
ruxin,165,81185,21,922,43.44,2901,36,100,100,505,30541,2.3,25.74,51.49,1889007,251463,84,77,210,1830240,63670,156 ,12743.00 ,55,5,50,4582,946,546
Liaoyang,160,99311,38,925,42.96,16271,41,98.26,100,838,51792,0.7,44.87,44.51,2011815,229910,69,66,248,2512720,73390,171 ,11213.00 ,119,4,56,5368,1431,1565
Panjin,131,37350,28,1220,43.71,2217,35,98.55,100,1304,93802,3.1,54.91,37.12,2441591,213372,110,100,304,3505158,68858,102 ,11271.00 ,110,1,55,4238,1899,1272
Tieling,238,319200,27,602,38.83,4156,39,99.45,100,663,27577,2.3,26.7,48.11,2368979,328739,67,64,298,1688769,71582,292 ,19293.00 ,65,2,64,5410,670,1414
Chaoyang,287,101603,18,795,35.05,25879,35,99.35,100,876,30371,2.8,27.85,47.95,3239159,494893,140,134,323,2687375,67895,564 ,27121.00 ,101,15,102,8103,480,884
Huludao,243,85061,0.00 ,0.00 ,0.00 ,2394,42,96,100,770,31514,-4.8,33.77,47.92,2537409,366593,258,241,269,2809652,68269,416 ,20684.00 ,106,3,94,5261,521,1658
Changchun,907,514593,160,5292,41.81,15464,0.00 ,96,100,6638,77634,3.6,41.55,50.41,10841364,1522930,1054,936,1214,20031109,92905,1190 ,61281.00 ,1143,27,229,31919,7957,3399
Jilin,362,1161086,0.00 ,0.00 ,0.00 ,0.00 ,0.00 ,0.00 ,0.00 ,1453,35588,0.6,35.17,51,4459881,572710,227,213,425,4800074,71733,741 ,28635.00 ,374,16,172,14068,0.00 ,1637
Siping,181,238206,0.00 ,549,0.39,3738,33,95.88,95.6,527,24586,3.3,19.54,45.73,2572962,290537,104,88,170,1719916,67134,1013 ,25077.00 ,68,5,64,6040,717,972
Liaoyuan,100,172886,0.00 ,527,38.05,6578,39,96.23,100,430,37171,3.7,28.14,60.23,1379763,170708,41,40,104,1082482,66603,137 ,9617.00 ,52,8,40,3312,0.00 ,425
Tonghua,130,732138,0.00 ,0.00 ,0.00 ,0.00 ,0.00 ,0.00 ,0.00 ,749,35113,1.6,32.04,56.07,2843932,383299,164,153,333,2357509,65126,313 ,16653.00 ,82,9,68,6666,432,1042
Baishan,95,894526,0.00 ,0.00 ,0.00 ,0.00 ,0.00 ,0.00 ,0.00 ,509,44021,0.1,25.74,61.69,2030031,222930,29,25,159,1382274,63022,225 ,10436.00 ,110,13,41,3956,0.00 ,753
Songyuan,225,234521,0.00 ,608,41,83981,0.00 ,100,100,753,27487,2.1,18.33,52.46,2974000,363000,56,49,209,2186573,75817,817 ,21314.00 ,101,7,84,7008,0.00 ,1144
Baicheng,155,400732,12,243,37.71,0.00 ,0.00 ,95.99,100,510,27230,1.4,16.27,55.29,2803285,324377,12,11,156,1436202,69606,217 ,16115.00 ,63,6,46,5464,385,626
Harbin,1001,0.00 ,144,5153,34.22,6162,47,95,100,5184,54570,0.55,22.07,66.05,11622493,1174796,769,679,1196,22235973,84796,854 ,62296.00 ,618,49,324,29854,6787,1652
Qiqihar,404,0.00 ,43,971,37.91,16134,31,90.35,95.9,1200,24273,3.5,22.42,45.83,5289246,593619,123,114,351,3133946,69460,422 ,28196.00 ,260,17,135,12192,1246,1362
Jixi,149,902800,48,743,0.00 ,2759,28,0.00 ,0.00 ,572,34031,2.1,23.25,39.16,2153462,177848,43,40,208,2000559,62287,157 ,11538.00 ,60,9,66,4861,0.00 ,1148
Hegang,89,600400,17,754,42.02,33112,0.00 ,96.15,99.53,340,34809,0.3,29.12,40.29,1368276,131921,4,4,139,778735,55114,87 ,6720.00 ,55,5,42,3141,504,193
Shuangyashan,120,749700,16,632,43.69,19869,26,96.01,100,494,35391,1.2,22.47,35.02,1788158,168322,23,21,152,829006,64267,145 ,9134.00 ,63,7,55,3777,555,389
Daqing,278,278498,78,2017,44.26,5809,28,96.15,100,2301,84784,0.7,46.72,42.68,3369001,451340,88,79,490,6703313,96088,304 ,22554.00 ,168,10,118,9675,3771,460
Yichun,87,1246500,40,1652,38.53,0.00 ,0.00 ,99.5,95.1,294,26506,0.16,17.35,43.2,1985662,163483,21,20,63,1079626,50319,100 ,7413.00 ,127,8,39,2749,782,251
Jiamusi,215,997900,30,870,42.5,7959,28,88.5,95,812,35124,2.8,12.93,38.55,3417891,278928,78,74,319,2105249,57737,241 ,16502.00 ,98,10,98,6779,637,594
Qitaihe,69,207485,42,610,46.01,4774,33,95.29,100,206,26979,-2.5,38.35,44.17,1250084,104741,12,11,102,611545,62859,80 ,5432.00 ,37,1,25,1961,488,187
Mudanjiang,228,0.00 ,60,395,28.2,6539,31,95,100,832,33428,0.38,21.39,54.81,2847941,305678,140,128,286,6649827,64465,228 ,16697.00 ,127,23,83,8179,1070,284
Heihe,128,0.00 ,6,219,43.1,4198,16,95.26,100,615,39184,3.5,12.68,42.44,2563837,206986,71,63,115,1232508,62944,153 ,11491.00 ,53,26,58,3982,197,221
Suihua,372,839828,12,365,28.22,2295,41,0.00 ,98.5,1150,22122,2,11.3,40,5056660,589653,119,113,369,3203469,57631,427 ,33785.00 ,174,18,66,11125,376,463
Shanghai,2488,585700,550,21981,37.32,7899,32,0.00 ,100,38701,155800,1.7,26.59,73.15,81021120,10005937,1789,1434,8804,159325030,174678,1534 ,125225.00 ,8092,149,398,78364,31012,1332
Nanjing,932,414700,225,10982,44.69,21743,31,0.00 ,100,14818,159322,4.6,35.19,62.81,17546190,3062752,1325,1214,3231,72030345,138005,643 ,59211.00 ,2416,68,271,37823,17061,6016
Wuxi,746,373400,92,4089,43.43,16099,33,97.7,100,12370,165851,3.7,46.49,52.47,12150337,2032688,1551,1364,7006,29943572,115748,414 ,47843.00 ,963,63,210,25031,7424,3763
Xuzhou,908,474900,92,3440,43.1,7978,50,93.2,100,7320,80673,3.4,40.05,50.12,9581879,1940822,1658,1577,2024,32860868,86138,1272 ,94479.00 ,448,18,177,29840,4863,6672
Changzhou,528,320200,63,3116,43.3,17563,39,90.94,100,7805,147939,4.5,46.33,51.57,7263132,1276041,1038,877,5065,24213581,113273,392 ,34838.00 ,543,29,86,15408,5599,2873
Suzhou,1275,581200,141,5272,43.1,18992,31,92.51,100,20170,158466,3.4,46.53,52.49,22635089,3850201,2192,1994,11900,77019841,113744,757 ,84156.00 ,2595,47,234,37185,11477,20474
Nantong,773,476200,85,3955,43.3,5988,34,95,100,10036,129900,4.7,47.49,47.94,10806246,1917646,2000,1715,5365,33704029,92542,546 ,47970.00 ,728,29,227,22375,6037,4636
Lianyungang,460,406700,80,1675,42.29,17894,37,94.48,100,3277,71303,3.1,41.87,46.35,5016895,934872,610,592,985,11042894,92008,627 ,53976.00 ,366,10,90,13398,2736,2922
Huai'an,456,487600,46,2516,42.6,6073,42,89.03,100,4025,87507,3.2,40.52,49.29,5682476,868824,926,844,1486,16758537,83216,449 ,47126.00 ,453,12,67,14632,4103,4151
Yancheng,671,764800,43,2193,43.6,5158,33,91.81,100,5953,88731,3.5,39.96,48.93,9736039,1449956,1072,939,3139,22161198,89727,598 ,59104.00 ,598,14,167,21167,3554,4451
Yangzhou,456,285100,51,2471,44.67,8426,36,91.45,100,6048,132784,3.5,46.06,48.86,6683001,1064683,818,723,3039,13792905,87874,364 ,31321.00 ,576,16,91,13203,2990,2073
Zhenjiang,321,178300,42,1607,43.38,3054,38,92.22,100,4220,131580,3.5,47.13,49.31,4988952,770008,632,608,2011,11419350,93129,221 ,21061.00 ,602,14,53,8965,2643,2045
Taizhou,452,255600,38,1582,42.57,1945,35,93.02,100,5313,117542,3.6,47.83,46.4,6275366,804043,742,641,2861,13332610,85944,331 ,33257.00 ,353,18,91,14029,3124,4248
Suqian,499,415200,24,1468,44.99,8763,45,96.12,100,3262,65503,4.5,41.91,47.64,5894420,969110,865,766,2065,12580822,78697,374 ,49441.00 ,250,10,235,14733,2168,3340
Hangzhou,1197,2188886,197,9951,43.36,10411,30,97.06,100,16106,136617,3.9,29.93,68.04,20696554,4033432,1699,1472,5992,60554683,132188,867 ,73539.00 ,2626,80,353,51135,10073,4535
Ningbo,942,806760,95,4752,42.23,13476,23,94.76,100,12409,132614,3.3,45.89,51.38,17420878,2695754,1858,1571,8571,42382625,111286,743 ,55015.00 ,1164,73,195,31891,6329,2426
Wenzhou,959,839250,56,3010,37.85,2146,23,97.41,100,6871,71766,3.4,41.25,56.43,10271684,2206497,1205,1045,6724,34977861,96775,1010 ,71918.00 ,1428,54,150,31472,3659,11152
Jiaxing,541,421727,37,1314,40.92,7414,28,97.79,100,5510,102541,3.45,51.92,45.83,7121830,1402850,1184,1069,6364,20923440,107614,318 ,30300.00 ,1078,37,94,15322,1985,1359
Huzhou,337,598459,40,1781,46.33,8618,26,98.29,100,3201,95579,3.26,49.61,46.02,4844230,841881,896,820,3792,14244312,97620,248 ,20353.00 ,362,36,72,9851,2852,3455
Shaoxing,529,784338,84,2513,44.12,3072,28,97.65,100,6001,113746,3.26,45.19,51.16,6671630,1366574,1248,1012,4561,23224953,85837,515 ,36445.00 ,744,46,96,17831,3834,1023
Jinhua,706,1067610,35,1028,41.54,11459,26,97.12,100,4704,67329,2.76,38.56,58.1,7034142,1379283,660,606,4629,26119347,96589,644 ,47130.00 ,576,26,149,19994,2562,4961
Quzhou,228,1239679,19,641,43.55,7486,26,97.3,100,1639,72192,3.5,40.27,54.12,4596505,600370,215,179,1131,7518198,124605,288 ,18213.00 ,379,6,91,7532,1369,2265
Zhoushan,116,97323,22,1060,44.15,1526,17,94.31,100,1512,130130,12.01,39.02,50.86,3126851,325608,130,117,391,5117194,108495,97 ,7712.00 ,245,14,35,4027,1429,1162
Taizhou,663,603210,45,1697,43.89,9047,25,96.66,100,5263,79889,3.38,43.66,50.73,7001415,1491485,858,668,4611,23960699,91307,644 ,48800.00 ,925,54,135,20054,3194,5076
Lishui,251,1618742,14,474,42.82,2383,20,97.05,100,1540,61811,3.35,36.04,57.14,5270971,839689,296,273,1207,7274834,115583,304 ,19950.00 ,314,20,59,8569,765,1447
Hefei,937,891500,132,6020,41.99,4519,36,95.39,100,10046,108427,4.34,35.64,61.06,11643459,1975427,1486,1297,2150,45137604,104818,821 ,66110.00 ,776,40,212,29045,8913,3354
Wuhu,365,663600,52,2514,41.01,13966,35,95.13,100,3753,102964,3.8,47.62,48.07,4856366,814159,553,513,1777,15843479,83593,478 ,27580.00 ,231,13,101,10555,4724,1056
Bengbu,330,210015,50,1435,43.06,1042,43,95.24,100,2083,63209,2.95,40.09,47.67,3259399,591496,881,810,1061,12025026,80102,778 ,30987.00 ,273,3,106,10191,2615,1088
Huainan,303,302691,46,1669,39.81,2708,48,95.7,100,1337,43557,3.3,39.34,50.04,2881068,483048,300,287,723,7743159,96671,632 ,26531.00 ,94,10,88,7864,2125,1404
Maanshan,216,312000,24,1158,46.28,10835,36,95.04,100,2187,101011,4.24,47.83,47.65,2648224,384481,284,268,1134,7957887,92490,308 ,15774.00 ,235,11,68,5837,1693,886
Huaibei,197,84801,34,1349,45.25,4909,48,96.87,100,1119,56661,3.34,41.73,51.12,1837610,352703,251,245,639,4608051,85560,406 ,17464.00 ,103,12,83,5642,1549,492
Tongling,131,342000,21,995,45.57,7799,35,95.77,100,1004,75748,3.15,45.42,49,1824860,253246,249,222,493,3503257,85332,270 ,11637.00 ,251,4,31,4129,1415,474
Anqing,417,1962400,44,1168,39.49,2941,36,96.12,100,2468,58684,4,43.23,47.04,4829584,872896,410,359,1644,11283928,79459,933 ,37117.00 ,331,17,91,11001,1588,2157
Huangshan,133,1618800,21,620,48.03,1415,20,95.55,100,850,63940,2.75,34.71,57.41,2062322,225563,183,154,537,4623025,82877,244 ,10034.00 ,126,50,33,3790,1133,1478
Chuzhou,399,716200,23,1133,42.3,5031,39,97.2,100,3032,76087,4.35,48.75,42.28,4629403,782019,1090,951,1870,11825853,83281,496 ,30038.00 ,231,11,78,10327,2373,1678
Fuyang,820,465006,48,1944,39.54,4813,49,96.4,100,2805,34399,3.8,37.08,48.95,6713497,1231899,1112,1026,1657,18365568,78062,1769 ,72836.00 ,186,11,137,19564,2530,2470
Suzhou,533,339300,28,879,39.67,5963,46,96.23,100,2045,38368,3.85,35.21,49.63,4859988,889290,807,771,1012,10825663,74188,1024 ,44783.00 ,152,7,111,13324,1910,1348
Lu'an,439,1937300,26,993,43.8,3621,37,95.42,100,1670,37899,4.1,36.35,49.34,5053908,912215,658,604,1034,9350423,88247,833 ,40368.00 ,149,11,55,11343,1677,1750
Bozhou,500,302266,20,695,39.89,1227,47,96.67,100,1806,36156,4.06,34.99,50.83,3909623,802909,704,681,617,9917055,70775,1410 ,49712.00 ,149,4,94,11339,1614,1538
Chizhou,134,1184700,16,589,46.13,10937,34,96.4,100,869,64843,3.95,44.07,45.8,1781087,251653,153,133,539,4063297,84912,277 ,11000.00 ,74,5,39,3793,822,496
Xuancheng,250,1471500,16,624,42.02,6595,33,95.4,100,1607,64301,4,47.17,42.75,3248085,428245,414,376,1572,6266232,82058,292 ,17945.00 ,143,13,61,6614,1284,1107
Fuzhou,832,573800,0.00 ,5273,45.4,18876,21,95.28,100,10020,121015,5.11,38.33,56.07,9514035,1851895,1888,1519,2662,42256055,96478,1218 ,56730.00 ,1219,42,139,25459,4604,5512
Xiamen,518,54530,105,5372,45.52,3643,18,94.55,100,6384,123962,5.7,39.47,60.08,9769054,1599003,622,379,2420,22938702,108554,402 ,32834.00 ,841,4,62,16121,3662,1154
Putian,321,185700,50,1256,45.56,1183,22,96.27,100,2644,82753,3.28,51.53,43.72,2562741,613030,426,368,1114,16122648,75316,706 ,30149.00 ,112,7,60,6618,1623,287
Sanming,249,1421700,11,375,44.4,14827,15,84.81,100,2702,108304,4.1,51.89,36.49,3344425,695659,346,309,1787,7817132,90508,397 ,24573.00 ,288,14,59,6662,389,571
Quanzhou,879,527100,89,2149,43.41,12923,19,92.33,100,10159,115768,2.93,57.17,40.6,7151369,1624948,1496,1209,5357,52288729,76330,1650 ,70918.00 ,1055,18,128,19635,3973,1438
Zhangzhou,505,930900,25,840,44.06,11224,20,95.81,100,4546,89005,-3.9,45.25,43.77,4451211,912685,767,529,2376,16971489,89060,1031 ,42753.00 ,166,14,91,11171,1385,609
Nanping,268,2394000,17,503,43.53,5555,18,95.2,100,2007,74903,0.3,37.83,45.74,3335636,576477,367,291,958,7023732,82487,461 ,25060.00 ,173,17,49,6287,467,1019
Longyan,273,1076499,22,835,46.73,20930,18,95.45,100,2871,105548,5.31,43.99,44.86,3331112,729745,371,298,1151,12592060,82970,582 ,27449.00 ,260,15,48,7470,978,1081
Ningde,315,786000,14,551,42.71,4856,22,89.75,100,2619,83541,6,50.39,37.17,3570698,668582,323,307,1045,8253955,92223,450 ,28028.00 ,145,13,51,6521,744,3211
Nanchang,626,946300,116,3814,0.00 ,3264,33,95,100,5746,92697,3.6,46.59,49.32,8381744,1351071,1771,1367,1553,24527390,93774,749 ,47825.00 ,351,22,136,17857,3577,1892
Jingdezhen,162,812700,44,862,53.96,3995,25,93.52,100,957,59134,3.7,43.16,49.74,2358765,384616,204,193,416,4677226,72319,410 ,15670.00 ,139,22,30,3832,1485,798
Pingxiang,181,451000,19,733,50.72,7368,33,0.00 ,100,963,53302,3.6,43.61,48.49,2813311,460618,221,207,609,3322965,80056,461 ,17157.00 ,294,6,31,4913,0.00 ,3986
Jiujiang,460,2005400,0.00 ,1285,48.83,15383,38,98.8,100,3241,70340,3.8,47.33,45.6,6481837,1180943,826,750,1985,11961010,81455,856 ,40594.00 ,321,19,62,11238,1812,5560
Xinyu,120,336800,21,977,50.7,6677,30,97.84,100,1001,83583,3.5,45.95,47.15,1646054,257015,124,112,510,3419502,85324,119 ,11255.00 ,93,4,20,2811,1230,787
Yingtan,115,425800,16,532,44.02,2190,32,97.34,100,983,84139,4,51.17,41.4,1889707,307206,163,152,389,3431193,79399,305 ,11956.00 ,47,15,27,2565,492,1234
Ganzhou,897,2508500,55,2693,49.85,14303,26,91.76,100,3645,40754,4.2,38.11,50.51,9767563,2200526,1204,1062,2332,16844784,75085,2041 ,95226.00 ,491,22,124,18852,4112,5568
Ji'an,447,4281400,15,928,46.42,9697,28,93.87,100,2168,48307,4,44.28,44.88,5556528,1083481,314,295,1662,8750910,70103,972 ,49450.00 ,299,19,73,9223,1239,2981
Yichun,501,2280000,23,1136,48.55,13458,31,95.82,100,2790,55452,3.7,40.79,47.63,6519948,1205235,643,374,1896,9096082,70644,1054 ,53786.00 ,186,12,89,11365,1756,2624
Fuzhou,362,1846600,33,1443,50.27,6341,27,95.26,100,1573,43305,3.7,37.44,48.44,4999792,899268,540,488,923,5392622,71861,872 ,37886.00 ,224,15,96,9116,2202,2744
Shangrao,649,3079500,36,1639,48.91,28189,23,93.34,100,2624,40430,4.1,38.19,50.53,7497687,1343647,722,641,1915,12294064,72108,2072 ,69028.00 ,169,21,170,13121,1979,5142
Jinan,924,231100,225,7833,40.85,13414,47,98.17,100,10141,110199,4.85,34.82,61.61,12887953,2110114,1336,1145,2215,44691335,108391,986 ,72015.00 ,1692,62,284,40199,12610,1209
Qingdao,1011,229600,163,10508,41,5858,31,98.19,100,12401,123828,3.7,35.17,61.4,15846485,2885546,1654,1430,3856,52034957,116115,1046 ,76688.00 ,840,12,460,39708,10501,1844
Zibo,471,159600,99,3690,44.71,5785,52,98.42,100,3673,78092,2.5,48.38,47.35,5227838,1039080,496,456,1775,11346781,84758,487 ,39396.00 ,316,67,154,18154,6586,259
Zaozhuang,386,191200,62,1633,42.3,6152,54,98.2,100,1733,44954,2.95,40.62,49.8,2710324,626752,516,474,739,8977992,75428,638 ,39318.00 ,183,22,82,11575,2826,999
Dongying,219,60700,42,2617,42.4,3470,46,98,100,2981,135910,3.8,56.29,38.44,3113037,607324,273,248,845,6533972,107271,209 ,21141.00 ,339,13,70,8284,2882,139
Yantai,710,177765,114,4224,39.52,15386,32,97.94,100,7816,110058,3.6,40.84,51.83,8453830,1349414,1038,963,2188,27999504,88339,558 ,49653.00 ,672,37,186,21640,7291,1999
Weifang,939,288548,57,3085,42.59,0.00 ,47,98.46,100,5872,62524,3.55,39.31,51.57,7961207,1882246,1312,1179,3521,23897737,82085,1093 ,86290.00 ,741,57,232,30912,4713,2386
Jining,836,295500,67,2917,42.41,5485,51,98.01,100,4494,53773,3.55,39.21,49.11,6956944,1593221,1111,1044,1941,21273058,85437,1388 ,78441.00 ,542,48,218,26051,5717,1476
Tai'an,548,239300,53,2502,45.07,0.00 ,49,97.86,100,2766,50555,3.45,39.05,50.11,4347911,870469,461,434,1097,10223532,75073,715 ,47201.00 ,196,44,108,16035,3096,1154
Weihai,291,122900,59,2640,45.8,1262,24,98.07,100,3018,103829,3,38.5,51.49,3504195,854240,554,511,1073,11664058,77022,205 ,20941.00 ,378,9,69,10205,4165,562
Rizhao,297,295200,44,1629,42.8,13259,35,97.89,100,2006,67593,3.8,42.07,49.4,2865968,595436,327,298,797,5847849,85886,373 ,25509.00 ,152,4,61,8355,2070,982
Linyi,1103,908700,59,4631,42.12,14298,48,97.09,100,4805,43582,3.9,36.55,54.28,7925416,1910645,1522,1303,3421,25282022,80594,1702 ,104978.00 ,386,54,221,28928,6018,2000
Dezhou,561,102500,44,2230,40.95,10580,52,98.15,100,3079,54872,3.55,40.14,49.24,4812001,826097,693,650,1496,11144369,76721,883 ,53414.00 ,238,16,120,16385,3135,753
Liaocheng,595,132500,41,1752,35.7,5567,53,97.87,100,2317,38925,2.8,34.35,51.27,4659894,963666,649,533,1436,8010428,79960,948 ,63576.00 ,417,17,142,17082,2486,842
Binzhou,393,130689,47,1658,41.45,7847,49,98.04,100,2508,63915,3.65,40.75,49.56,4475063,681808,443,413,1316,7179440,80233,468 ,34804.00 ,235,18,99,11799,2222,381
Heze,880,220700,70,1379,40.56,6053,53,97.56,100,3483,39599,3.85,40.2,49.87,6307591,1272574,886,821,1908,16373454,71449,1843 ,94588.00 ,198,19,237,24117,2274,1930
Zhengzhou,1262,54372,157,10554,41.5,7690,51,98.6,100,12004,96134,2.95,39.65,59.04,17201800,2406821,3426,3026,2295,50763047,89464,1490 ,102153.00 ,1312,41,282,45211,6902,2851
Kaifeng,483,106035,69,1451,42.45,394,55,96,100,2372,49166,2,37.82,46.84,4307892,680558,513,488,1092,9990688,60758,1088 ,51314.00 ,145,34,94,14025,2214,1742
Luoyang,706,197600,0.00 ,3681,44.34,7973,51,96.94,100,5128,72872,2.95,45.09,49.96,6890326,1203720,1035,942,1785,21055720,77000,1168 ,66782.00 ,499,102,167,23034,3728,3833
Pingdingshan,499,193692,29,1303,41.62,11473,51,98.58,99.92,2456,49379,3.17,45.11,46.54,4080272,807146,486,463,878,9941826,65272,1439 ,53654.00 ,204,14,92,13067,1557,2759
Anyang,548,80700,27,965,41.97,7955,62,97.48,100,2300,42185,3.25,43.83,45.78,4311174,839927,594,575,779,8564400,67048,1568 ,56341.00 ,236,16,100,15488,1571,2258
Hebi,157,20765,15,845,45.22,940,57,96.74,100,981,62736,1.95,56.47,35.58,1561410,257163,227,202,399,2869239,58297,383 ,15343.00 ,80,5,59,4592,1039,434
Xinxiang,626,103700,43,970,41.8,3244,51,97.84,100,3014,48229,3.2,44.86,45.42,4731231,903300,746,720,1499,9665255,63509,1679 ,62057.00 ,170,13,165,18006,1255,3326
Jiaozuo,352,70357,40,1323,41.37,2865,56,99.25,100,2124,60384,-20.63,42,50.56,3212287,490273,194,183,848,8133869,64602,732 ,33889.00 ,154,13,94,10024,1468,668
Puyang,377,41139,23,920,40.75,677,58,97.7,99.8,1650,43908,3,35.33,50.12,3565215,718142,510,494,630,6569955,73100,967 ,44803.00 ,242,11,59,9986,1127,1196
Xuchang,438,74430,47,978,41.61,3636,53,98.1,100,3449,78875,2.66,52.74,41.95,3640062,715931,651,620,1539,12194151,67237,1054 ,47407.00 ,189,17,110,11233,2003,2086
Luohe,237,73401,0.00 ,993,42.25,171,55,100,100,1574,66239,1.5,42.82,47.65,2329843,392924,372,355,559,6429821,63931,569 ,22363.00 ,75,13,64,6286,1163,1036
Sanmenxia,204,167579,29,802,43.68,1010,48,97.81,99.56,1451,71541,3.1,47.35,42.52,2710038,450165,294,271,397,4832905,69767,370 ,21362.00 ,145,7,65,6728,676,1477
Nanyang,972,586732,48,2478,42.92,3635,51,97.88,99.44,3926,40315,2.2,32.12,51.27,7444983,1655403,699,612,1475,19987315,61104,2237 ,123415.00 ,255,20,437,23386,2408,6770
Shangqiu,782,240446,0.00 ,1741,42.8,2136,52,96.21,98.83,2926,37443,-0.8,37.83,44.53,5615778,992332,1176,1084,1564,14101836,60509,2324 ,87029.00 ,108,14,89,17050,3220,3854
Xinyang,624,1332156,35,854,46.52,1655,40,95.41,100,2805,44922,2.09,35.61,45.24,6109146,1288296,978,872,1251,11602334,62036,1435 ,82860.00 ,161,42,118,14359,948,2448
Zhoukou,902,305100,23,736,39.87,450,50,96.71,100,3267,36214,1.7,41.11,41.69,6895282,1298749,855,726,1424,16506390,57587,2380 ,110916.00 ,113,16,211,19256,1005,2883
Zhumadian,701,510413,0.00 ,858,45.47,0.00 ,45,98.76,99.71,2859,40710,3.6,38.47,42.36,6257024,1189070,1287,1042,1164,9962026,60574,2294 ,87422.00 ,495,11,216,17669,1213,6107
Wuhan,1233,1154200,0.00 ,12548,42.07,6357,37,97,100,15616,131441,-4.73,35.59,61.83,24078114,2929129,2646,2252,2958,61498424,107567,995 ,68395.00 ,1836,90,362,41888,13517,803
Huangshi,247,616862,25,900,40.42,7310,35,98,100,1641,66446,-5.95,48.63,44.3,2863397,463231,300,283,704,7588053,73486,575 ,20531.00 ,191,10,51,6689,1981,1227
Shiyan,317,1172526,35,1176,42.24,2144,33,98.67,100,1915,58304,-4.9,41.41,48.67,4592283,590508,272,243,950,9740053,80481,614 ,27462.00 ,161,12,63,10813,1777,474
Yichang,399,2034477,50,1240,41.13,7820,41,96.75,100,4261,104807,-4.7,42.9,46.3,5895908,765541,427,394,1293,13911249,81053,425 ,23320.00 ,377,18,94,11923,3002,3149
Xiangyang,526,902726,48,2376,44.27,4910,52,95.28,100,4602,84773,-5.3,45.72,43.13,6702833,996210,499,464,1697,15672618,78512,719 ,38589.00 ,288,11,90,14258,2347,2093
Ezhou,108,203497,8,476,43.28,19207,38,99.78,100,1005,93986,-9.8,43.28,46.87,1274060,216438,143,141,492,3265651,82032,280 ,8730.00 ,135,2,23,2226,595,518
Jingmen,254,844298,15,777,41.12,3759,41,96.8,100,1906,70162,-5,44.54,42.29,3129351,370026,276,254,982,7793100,83218,344 ,17710.00 ,94,6,59,7473,1267,706
Xiaogan,414,761738,16,667,41.25,1783,39,97.51,100,2194,51367,-4.5,39.24,45.12,4252623,616170,251,240,1174,9812350,71857,685 ,32410.00 ,192,12,69,9981,1561,2139
Jingzhou,516,1521325,25,1159,37.01,28771,37,95.36,100,2369,44143,-5.85,34.02,46.86,5328171,664207,408,396,1239,12844913,61734,628 ,34292.00 ,136,9,69,12537,1164,2312
Huanggang,579,2367847,18,401,42.49,2800,36,82.89,100,2170,35784,-6.63,34.56,45.25,5948419,1007706,347,325,1264,11501251,67847,988 ,46385.00 ,420,21,86,15812,1015,2241
Xianning,268,1318900,26,625,41.39,2675,30,95.3,100,1525,58319,-4.9,41.27,44.49,3122625,424511,418,394,945,6040407,77732,516 ,22771.00 ,139,8,40,7376,1293,1020
Suizhou,201,609800,32,576,40.63,925,37,96.81,100,1097,54474,-5.3,43.52,40.67,1909360,283737,100,97,700,5195300,71143,295 ,14892.00 ,53,5,40,5602,774,1219
Changsha,1006,1232000,198,5427,39.46,4021,41,98.56,100,12143,123297,3.98,39.03,57.48,15012319,2310537,2380,2048,2912,44697628,105603,1296 ,73416.00 ,1210,21,241,32785,10008,0.00 
Zhuzhou,390,919000,58,1743,43,4508,32,96.56,100,3106,79581,4.1,46.27,45.49,4698064,647965,691,627,1780,10903360,84738,567 ,30405.00 ,360,8,112,11042,3123,2707
Xiangtan,273,416600,50,1170,42,6832,39,97.51,100,2343,85911,3.84,50.15,42.64,2933994,386302,487,450,1217,7505429,71074,537 ,18842.00 ,170,5,72,8368,1660,583
Hengyang,664,865400,48,2020,43,7377,34,97.27,100,3509,52550,4,33.03,54.37,5775145,985405,672,640,1277,15943436,70240,1494 ,63189.00 ,258,17,169,18489,2047,6840
Shaoyang,656,1749000,29,1011,43,5152,35,93.82,98.04,2251,34293,3.9,31.05,51.18,5902346,1086454,500,451,1871,12088273,68987,1394 ,61174.00 ,277,1,139,16070,1146,3062
Yueyang,505,1689300,29,1198,43.32,8678,37,88.44,100,4002,78868,4.2,40.55,47.95,5435981,711526,631,583,1690,15740080,68050,943 ,41026.00 ,194,12,125,13704,2107,3118
Changde,528,1939000,35,1159,44.51,12599,41,98.32,100,3750,70496,3.91,41.17,46.43,6139843,814959,626,590,1542,14287541,73745,702 ,38036.00 ,225,14,108,17822,1806,3597
Zhangjiajie,152,1479900,16,259,37,2566,27,95.55,100,556,36708,1.99,15.65,69.6,1979201,276194,160,145,223,1969732,79586,201 ,12631.00 ,44,5,32,4009,475,2746
Yiyang,385,1551600,31,768,40.06,5146,43,98.68,100,1853,47784,3.8,42.8,39.94,3852304,592509,416,365,1290,7102241,72492,624 ,30857.00 ,105,9,103,11100,1338,2397
Chenzhou,468,1487000,34,920,47,24792,28,95.5,100,2503,53581,3.6,38.63,50.02,4644547,792924,774,694,1186,9219939,74129,695 ,50263.00 ,173,11,119,12762,0.00 ,2057
Yongzhou,530,17944000,16,698,38.1,4383,28,98.14,100,2108,38013,3.94,31.97,49.34,5012397,964456,599,546,1199,7829612,66641,840 ,55369.00 ,448,5,140,14436,1245,4558
Huaihua,458,2875400,20,549,39,3592,28,92.2,99.64,1672,36365,3.88,28.59,55.86,4817156,884327,775,738,752,6069919,76055,612 ,41519.00 ,261,10,104,12968,685,6918
Loudi,383,950744,17,504,41,25286,35,97.19,100,1680,43913,4,38.69,49.4,3295235,624136,354,303,1020,6788485,69412,1021 ,36814.00 ,131,4,116,10351,0.00 ,2680
Guangzhou,1874,736432,223,32358,45.52,6077,23,97.9,100,25019,135047,2.7,26.34,72.51,29526468,5585916,1539,1223,6208,92186605,135138,1531 ,107899.00 ,3873,62,289,62369,19147,18054
Shaoguan,286,1961800,44,1061,44.8,13043,22,100,100,1353,47441,3.03,34.37,51,3943451,601908,330,301,504,4452529,98366,360 ,24790.00 ,2434,12,54,8022,885,2934
Shenzhen,1763,171656,0.00 ,20160,43.38,1856,19,98.11,100,27670,159309,3.1,37.78,62.13,41777162,8509360,929,773,11255,86648297,139436,782 ,102454.00 ,4923,55,145,42576,12235,5105
Zhuhai,245,166600,107,6193,45.77,2913,19,97.18,100,3482,145645,3,43.39,54.88,6776159,1104658,482,419,1492,9212612,107284,217 ,17815.00 ,285,5,42,8007,3634,1168
Shantou,550,141600,0.00 ,0.00 ,0.00 ,620,19,98.11,99.63,2731,49661,2,47.75,47.75,4272606,946561,387,329,1928,14170564,84400,1044 ,57616.00 ,314,11,56,11538,3680,1133
Foshan,952,296300,0.00 ,0.00 ,0.00 ,4747,22,98.14,100,10816,114157,1.6,56.35,42.13,10030420,1725234,2165,1693,8020,32890941,94536,635 ,62375.00 ,737,25,131,21919,0.00 ,1444
Jiangmen,480,1023600,31,2454,45.83,3729,21,97.06,100,3201,66984,2.2,41.64,49.77,4423756,870990,749,667,2535,11626174,88219,522 ,38920.00 ,435,8,53,11732,3146,4962
Zhanjiang,698,729400,43,1573,45.12,6485,21,94.68,99.29,3100,44408,1.89,33.94,46,5385867,1170352,594,576,780,16387627,98028,1222 ,70855.00 ,229,10,121,14204,1594,3140
Maoming,618,910700,34,1593,43.76,2214,21,98.71,100,3279,53311,1.47,31.47,48.73,4610497,1195008,575,535,751,13564785,86586,1647 ,74066.00 ,159,8,76,13838,1386,5768
Zhaoqing,412,1273975,0.00 ,1679,44.08,9499,23,95.22,100,2311,56318,2.96,39.03,42.06,4305842,785314,732,663,1281,10621631,90002,428 ,37509.00 ,343,16,58,8874,0.00 ,1241
Huizhou,606,1069400,96,4217,42.2,8045,20,98.59,100,4221,70191,1.5,50.56,44.25,6373752,1291035,1838,1746,3055,17460803,89840,857 ,55918.00 ,260,11,81,15005,4875,911
Meizhou,387,1043700,0.00 ,848,43.16,13367,22,100,100,1208,31011,1.5,30.38,49.34,4743548,860623,401,371,505,6348816,85160,688 ,41937.00 ,413,8,48,10130,874,861
Shanwei,267,463000,10,479,41.59,406,18,94.23,100,1124,41950,4.6,36.3,49.47,2665053,587092,294,280,258,4356455,85628,730 ,29757.00 ,107,8,43,4776,585,514
Heyuan,284,1220627,0.00 ,464,42.55,991,22,91.74,99.08,1103,38802,1.3,34,53.58,3617614,735815,443,380,581,3607395,86494,565 ,37496.00 ,123,9,65,6873,656,765
Yangjiang,261,1206100,30,1322,41.91,6065,21,100,100,1360,52357,4.4,35.66,45,2498396,465253,359,327,390,4511828,87212,280 ,26038.00 ,149,5,61,5983,1197,524
Qingyuan,397,2513919,0.00 ,827,39.1,0.00 ,23,95.59,100,1777,44828,3.79,32.98,50.25,4118431,871091,778,637,834,5200930,92883,527 ,38507.00 ,278,9,64,9058,894,2296
Dongguan,1048,200195,0.00 ,0.00 ,0.00 ,5780,24,96.21,100,9650,92176,1.1,53.81,45.88,8403253,2028916,880,767,11525,37401403,79601,589 ,66377.00 ,1174,53,112,21812,0.00 ,828
Zhongshan,443,155800,0.00 ,0.00 ,0.00 ,1978,20,96.95,100,3152,71478,1.5,49.4,48.32,3756304,831736,698,582,3868,14072229,95309,317 ,29491.00 ,548,9,68,9859,0.00 ,503
Chaozhou,257,229427,30,1170,41.83,699,24,97.33,100,1097,42605,1.3,47.31,42.94,2171659,433101,127,123,939,4448751,83437,734 ,22288.00 ,774,4,35,4846,941,796
Jieyang,558,460700,0.00 ,1417,44.16,1028,28,95.82,99.88,2102,37495,0.17,36.87,53.43,3744802,817278,282,266,1397,9551611,69943,1541 ,59687.00 ,161,7,71,10757,1818,1381
Yunfu,238,592500,0.00 ,512,43.9,0.00 ,22,93.91,100,1002,42047,4.1,31.14,49.6,2630962,546633,327,272,383,3372437,86847,291 ,26139.00 ,146,6,27,5178,293,619
Nanning,875,1190000,100,4640,41.14,9548,31,92.68,100,4726,54669,3.7,22.94,65.76,8198554,1489412,1838,1486,1155,21803598,97079,1428 ,75055.00 ,896,11,148,28881,5640,3902
Liuzhou,416,2650000,65,1704,43.99,11519,29,86.73,100,3177,77148,1.45,47.25,45.48,4695794,851989,705,643,1052,12701919,86155,508 ,34790.00 ,215,60,70,12546,4282,1551
Guilin,493,4260000,43,1435,41.1,4330,29,94.76,99.99,2130,42424,2.05,22.82,54.41,4719265,758734,697,650,518,8889129,82096,764 ,43905.00 ,519,25,82,14380,2106,5185
Wuzhou,282,1017900,21,800,41.58,4804,26,72.5,100,1081,38214,8,35.43,48.47,2884583,526388,395,370,509,2840094,75836,648 ,34229.00 ,119,1,44,6853,1608,1112
Beihai,185,192000,29,653,41.24,2535,23,98.24,100,1277,0.00 ,-1.3,38.06,45.73,2128302,371610,314,290,279,3142273,80132,423 ,17712.00 ,81,8,27,4443,1633,1389
Fangchenggang,105,680000,12,673,42.6,4416,22,64.2,100,733,70697,5.07,47.48,37.38,1551609,205974,202,175,151,1293425,88304,566 ,10901.00 ,104,2,16,2260,944,583
Qinzhou,331,660000,18,461,40.08,2936,25,93.79,100,1388,42054,2.6,28.1,51.51,2388023,544592,334,309,338,4025148,73822,1133 ,37290.00 ,82,3,37,6760,1511,1082
Guigang,432,836100,24,608,41.94,5464,29,79.6,100,1353,31363,6.95,36.36,46.86,3069039,734701,452,440,872,4114650,77986,1026 ,49034.00 ,310,5,69,8545,1465,1896
Yulin,580,542900,28,1074,39.63,4964,28,93.85,100,1761,30397,3.3,26.18,54.23,4231915,958926,651,619,633,7534803,76079,1576 ,65501.00 ,208,4,59,11976,1368,2092
Baise,358,2270000,21,494,39.75,17255,24,87.5,100,1334,37332,6.3,39.81,40.7,5047570,834437,389,344,377,3801488,86362,577 ,35934.00 ,214,12,44,7798,827,2734
Hezhou,201,1210000,13,394,41.89,1951,30,94.5,100,754,37539,7,34.22,46.68,2292190,392082,198,172,270,1814994,86858,431 ,22648.00 ,86,9,33,4463,822,780
Hechi,342,3550000,9,400,39.37,13553,25,92.06,100,928,27119,5.1,28.45,50.11,4519768,698946,168,155,263,2776398,85292,891 ,38388.00 ,133,11,45,7894,839,2462
Laibin,208,1059000,13,384,39.36,8873,30,92.38,100,706,33939,6.3,27.2,47.73,2218840,368833,165,152,267,1297737,76582,303 ,20428.00 ,128,6,27,4516,871,1119
Chongzuo,209,840000,7,415,40.08,3888,26,60.61,100,809,38732,6.1,28.8,48.95,2758295,375543,220,201,359,2274394,78189,337 ,19074.00 ,102,5,29,4046,459,884
Haikou,289,164900,0.00 ,2463,41,66,14,100,100,1792,63309,5.3,15.05,80.49,3070836,428570,464,372,173,8358864,90277,272 ,23769.00 ,962,5,83,10713,1895,1429
Sanya,104,158392,28,846,42.34,1602,11,100.4,100,695,68656,3.1,16.29,72.33,1996786,237056,77,65,33,3810480,93152,167 ,7401.00 ,116,1,34,3098,1103,530
Danzhou,88,121380,0.00 ,266,40.1,796,15,100,100,359,41003,0.1,8.85,52.47,892631,162436,31,30,25,964174,86970,214 ,11122.00 ,23,1,22,2099,0.00 ,368
Chongqing,3209,7668559,418,26571,43.05,59050,53,97.95,94.44,25003,78173,3.9,39.96,52.82,48939461,7549666,6143,4814,6938,117872002,98380,3886 ,254915.00 ,1997,105,859,88706,23593,31450
Chengdu,2095,1222300,317,12528,43.75,0.00 ,41,93.47,100,17717,85679,4,30.59,65.72,21594765,3277272,3680,2827,3664,81185362,104463,1258 ,117695.00 ,17985,159,630,72376,0.00 ,6198
Zigong,249,181949,42,1816,44,1667,43,93.2,100,1458,58059,3.9,38.96,45.2,2387153,425779,424,349,606,5833680,0.00 ,252 ,19032.00 ,64,4,68,7622,2279,1921
Panzhihua,121,489091,22,924,42.02,0.00 ,30,47.89,100,1041,85806,3.9,53.6,37.08,1598093,273756,159,138,373,2351451,0.00 ,104 ,9958.00 ,91,4,27,2676,1132,0.00 
Luzhou,426,994396,40,2354,42.18,4814,38,94.76,100,2157,50758,4.2,48.12,40.01,4500559,816570,1011,800,785,10138065,68716,465 ,38166.00 ,202,17,150,11837,2981,3043
Deyang,346,504200,28,966,42.6,0.00 ,37,94.78,0.00 ,2404,69443,2.5,46.96,41.68,3095311,428887,542,472,1256,8511908,88437,450 ,23346.00 ,127,11,85,9770,1853,1964
Mianyang,487,2007000,52,2023,41.52,4020,34,94.78,100,3010,0.00 ,4.4,39,48.67,4446984,741955,724,592,1106,13942596,84222,609 ,35672.00 ,220,15,126,14082,2799,1899
Guangyuan,231,1148300,16,903,40.15,2835,25,96.14,100,1008,43337,4.2,38.99,42.46,2895387,442489,171,139,543,4192443,79873,419 ,22922.00 ,153,12,85,7173,911,799
Suining,282,208500,26,945,41.99,1488,29,92.69,100,1403,49495,4.3,45.19,39.27,2688407,442128,726,630,595,4673671,68864,355 ,25647.00 ,98,7,76,8334,1677,1059
Neijiang,314,0.00 ,34,1184,39.04,14928,0.00 ,0.00 ,0.00 ,1466,46228,3.9,32.67,48.98,2765480,498847,474,339,414,5589266,67573,453 ,24880.00 ,96,5,76,6430,1100,5050
Leshan,316,1377000,25,1253,42.19,30976,0.00 ,100,100,2003,63259,4.1,41.09,44.43,3182003,455051,552,434,622,7483082,87663,416 ,20989.00 ,108,11,101,8566,1226,1715
Nanchong,561,478100,60,2115,44.53,1592,37,96.34,99.99,2401,42482,3.8,37.94,42.9,5739734,967169,1246,1093,806,12175655,83013,763 ,48612.00 ,229,9,173,14560,2411,2205
Meishan,296,657300,25,842,41.8,2699,36,95.39,100,1424,48132,4.18,37.08,47.26,2755416,428589,813,736,679,5432607,82096,361 ,21871.00 ,46,6,88,7062,1017,1650
Yibin,459,1148751,33,2435,40.58,10111,40,95.93,100,2802,61182,4.62,48.14,39.54,5563088,930684,780,639,868,10269899,87304,583 ,41771.00 ,138,14,141,11130,2364,2132
Guang'an,325,360072,25,685,42.72,6691,32,99.12,100,1301,40073,3.6,32.05,49.88,3062569,650472,423,388,606,5494021,0.00 ,466 ,32671.00 ,226,4,252,5078,1232,2420
Dazhou,539,982600,24,950,39.15,14680,39,95,97,2117,38068,4.1,34.06,47.38,4366659,822266,504,409,891,10850070,0.00 ,390 ,49166.00 ,498,6,438,8313,490,1919
Ya'an,143,1797300,10,468,41.3,3450,27,94.8,99.78,755,52366,4.4,29.93,49.93,1696085,231299,127,105,350,2638043,77965,229 ,11832.00 ,104,13,46,4845,827,1139
Bazhong,271,682100,2,710,41.7,1003,28,80,99,767,27951,2.5,28.03,50.85,3106480,526487,398,348,321,4819999,73449,420 ,31948.00 ,153,11,78,7225,772,1362
Ziyang,231,216976,10,591,38.46,1048,30,97.09,100,808,34806,4,28.34,50.74,2033303,306724,252,239,250,3773428,78205,370 ,19079.00 ,157,1,54,5948,939,1537
Guiyang,599,0.00 ,0.00 ,5269,41.8,5169,41,0.00 ,100,4312,72246,5,36.02,59.86,6781587,1322183,1239,1109,764,21882604,101829,873 ,43110.00 ,324,9,193,20687,3040,89374
Liupanshui,303,618000,17,485,40.77,22786,20,95.56,95.56,1340,44224,4.5,44.78,42.46,3239885,759995,234,222,320,4380439,89001,807 ,32567.00 ,83,3,123,6631,819,0.00 
Zunyi,661,2283200,51,2333,40.8,72425,20,94.39,82.55,3720,56334,4.6,43.41,43.41,7563700,1528200,1170,1031,738,10373300,10216,1550 ,68868.00 ,237,16,209,18081,1305,9400
Anshun,247,621700,25,1133,41.3,4170,23,95.74,94.59,967,39161,3.1,30.3,51.5,2959673,572057,199,175,354,4930389,82795,590 ,25588.00 ,73,3,76,5037,1189,8374
Bijie,690,0.00 ,16,740,40.89,8079,20,94.5,92.8,2020,29295,4.4,26.39,49.5,7475400,1700500,680,591,387,8999614,88442,2148 ,82637.00 ,144,3,296,16212,745,1634
Tongren,330,1580700,19,668,40.36,0.00 ,0.00 ,91.58,0.00 ,1328,40269,4.4,25.08,53.16,4586878,987618,422,387,409,6335804,65278,1497 ,45953.00 ,200,11,115,7863,1082,8400
Kunming,846,432900,194,4925,42.15,27580,24,96.83,100,6734,80584,2.3,31.23,64.14,8750545,1433931,1879,1527,997,30704358,102304,1092 ,60732.00 ,353,39,322,33487,5141,4172
Qujing,577,1070410,38,1073,38.93,31992,22,97.48,100,2959,51245,6.6,37.01,44.31,5322375,1231347,348,333,653,9348593,89052,1907 ,62028.00 ,157,12,135,11859,1712,4846
Yuxi,225,248157,8,607,41.72,20165,20,95.31,95.97,2058,91290,2.1,41.98,47.96,3015710,499287,245,215,428,7902904,98139,613 ,20004.00 ,151,12,65,7029,951,0.00 
Baoshan,243,1281300,11,382,38.92,5492,19,94.2,100,1053,43200,4.8,37.32,39.6,2709397,464999,196,179,272,4278407,83733,949 ,22495.00 ,87,21,61,6203,861,4736
Zhaotong,509,1292000,12,418,36.03,7729,20,97.45,100,1289,25255,4.2,37.47,45,6259173,1359733,237,221,145,4355557,94947,1749 ,58491.00 ,104,3,167,9027,568,1391
Lijiang,126,644560,5,396,40.06,1882,12,95.94,100,513,40857,4.6,32.16,52.63,1756032,293552,76,73,50,2335665,100632,438 ,12513.00 ,76,6,40,3103,236,2606
Pu'er,241,2370000,5,278,40.89,9454,22,96.47,99.34,945,39172,2.5,24.23,50.9,3235540,497548,117,100,166,2922899,95620,611 ,21011.00 ,113,8,69,5642,407,775
Lincang,226,1349300,8,187,37.42,2763,26,99.17,100,821,36213,3.7,24.73,45.8,2768788,516790,121,111,177,3170243,99755,958 ,22395.00 ,55,5,56,4450,304,744
Lhasa,87,982600,0.00 ,0.00 ,0.00 ,1932,12,0.00 ,97.7,678,79391,7.8,42.83,53.86,3496638,545551,79,71,85,3693530,125998,97 ,7848.00 ,40,8,27,2901,0.00 ,1538
Xigaze,80,3799100,0.00 ,236,38.77,1124,9,49.6,98.76,322,36807,8,38.2,47.14,3378352,495420,4,3,31,1401921,0.00 ,259 ,9658.00 ,9,2,32,1611,0.00 ,63
Qamdo,76,4510500,0.00 ,101,38.76,344,16,53.05,98.7,253,33233,7.8,45.06,42.69,2741980,441689,1,1,7,726726,123660,225 ,8988.00 ,53,2,32,855,0.00 ,53
Nyingchi,24,24475,3,0.00 ,0.00 ,0.00 ,7,83.58,98.97,191,0.00 ,7.9,38.74,54.97,1347341,141397,8,4,5,514043,121361,72 ,3177.00 ,10,2,69,1170,190,103
Lhoka,36,7629900,0.00 ,63,38,3073,9,85,0.00 ,215,60676,7.9,53.63,42.59,2186180,250608,3,2,17,688147,0.00 ,110 ,4299.00 ,40,1,18,1183,0.00 ,78
Nagqu,50,4349500,0.00 ,167,0.00 ,0.00 ,0.00 ,0.00 ,0.00 ,171,33371,7.6,31.71,55.75,2227117,371589,0.00 ,0.00 ,5,290831,149738,162 ,7236.00 ,14,0.00 ,25,1044,0.00 ,24
Xi'an,1296,267800,0.00 ,7869,41.85,1797,51,96.51,98.75,10020,79181,5.2,33.21,63.66,13475804,2333672,2560,2087,1667,49893328,104363,1667 ,83420.00 ,8215,133,359,40714,12107,7486
Tongchuan,71,22700,17,499,39.91,4419,43,95.39,100,382,53021,5,34.82,57.07,1317504,208478,63,59,196,1331036,69120,119 ,6012.00 ,70,11,41,2786,567,799
Baoji,332,182500,22,1184,41.05,7776,47,96.83,99.84,2277,67666,3.3,55.38,35.62,3641715,664485,289,287,844,8019424,73028,643 ,26517.00 ,191,25,94,10915,1393,4482
Xianyang,396,74257,22,775,39.8,8482,54,97.49,99.71,2205,55189,0.1,44.08,40.5,4122519,654485,230,224,725,8361759,69290,896 ,39050.00 ,225,32,155,12706,1122,4661
Weinan,469,131300,29,819,41.07,108107,53,96.98,98.71,1866,39207,0.2,34.94,45.07,4837942,843403,413,399,575,6335770,65596,1089 ,46227.00 ,185,5,180,11822,167,3893
Yan'an,228,133500,0.00 ,520,40.77,9100,31,95.54,98.74,1601,69934,-0.8,55.34,32.79,4568084,641340,142,131,276,3846016,79799,354 ,24917.00 ,161,47,68,5521,597,1613
Hanzhong,321,1425800,10,780,39.03,9438,28,93.99,99.95,1593,49179,0.9,40.24,43.38,3713811,660298,248,236,728,5198383,73316,667 ,29500.00 ,115,24,91,8118,630,1154
Yulin,363,267200,36,1012,37.88,41308,33,94.98,98.07,4090,112974,4.5,62.49,30.86,7024691,1242882,246,230,1011,6543025,88461,525 ,36828.00 ,196,31,108,9163,1689,1232
Ankang,249,0.00 ,13,428,40.15,2011,32,0.00 ,0.00 ,1089,43378,-9.1,40.31,45.27,3920599,643579,163,154,764,4370853,68251,580 ,24681.00 ,248,11,53,6306,426,1913
Shangluo,205,398400,0.00 ,300,39.29,3734,30,94.19,98.65,739,35381,-11.2,35.99,48.58,2897162,449885,49,47,291,1728039,61124,542 ,20201.00 ,87,8,59,5087,251,1907
Lanzhou,437,46071,68,2912,40.03,6732,34,96.38,99.8,2887,66680,2.4,32.33,65.68,4862409,824400,849,798,371,16412397,93847,687 ,32102.00 ,150,29,116,14883,2838,2887
Jiayuguan,31,47823,0.00 ,0.00 ,0.00 ,15547,22,98.5,100,282,91000,4.3,63.64,34.45,289309,50991,41,38,60,724471,87807,30 ,1988.00 ,39,6,8,1179,905,3892
Jinchang,44,57740,8,475,38.36,7013,20,97.16,100,358,81643,8.7,63.42,28.47,609632,89254,15,14,102,1006238,86195,45 ,3998.00 ,64,5,16,1897,498,151
Baiyin,151,18333,18,387,36.34,4959,27,94.35,100,497,32700,2.8,34.25,45.53,2017823,373280,71,68,169,1652784,75745,748 ,22263.00 ,327,5,95,3976,738,1134
Tianshui,298,163000,11,842,39.6,2333,27,99.11,100,667,22251,5.2,24.27,56.84,3519293,645046,176,168,163,2709247,68500,842 ,36920.00 ,101,12,116,6586,764,3065
Wuwei,146,162900,14,363,36.41,6998,35,97.12,100,526,35571,4.28,16.17,53.11,2170496,366836,63,60,185,1438429,75582,599 ,17219.00 ,88,11,48,4938,633,2571
Zhangye,113,0.00 ,8,663,36.37,1497,31,96.73,100,467,41177,3.6,18.63,53.84,1795833,265827,117,108,184,2010559,85779,195 ,10795.00 ,70,18,45,3813,388,1207
Pingliang,184,125804,14,397,39.59,6351,22,98.05,100,476,25623,3.5,24.51,52.42,2425509,503068,167,165,84,1656821,86228,879 ,25082.00 ,108,8,50,5600,722,2038
Jiuquan,106,410300,12,573,45.49,2718,24,97.58,100,658,62187,6.3,41.22,41.55,1554393,237597,109,96,233,2439365,80752,163 ,9543.00 ,96,45,40,3782,627,2763
Qingyang,218,65900,5,257,34.31,615,28,98.15,99.38,755,34593,4.3,47.22,39.85,3008948,528529,92,89,96,1770374,80521,1350 ,29343.00 ,87,19,45,5696,354,2019
Dingxi,252,222300,6,371,30.1,2248,25,95.34,100,441,17430,4.4,15.88,64.07,2887518,597785,158,151,118,1592121,75289,836 ,29612.00 ,90,8,55,5948,289,2152
Longnan,240,67200,7,103,36,4949,18,89.63,100,452,18710,2.9,22.79,58.98,3349770,508860,69,69,75,1394744,69164,1568 ,23191.00 ,117,8,61,4432,223,3219
Xining,247,169300,29,1838,10.49,7008,35,94.87,98.73,1373,54439,1.8,30.52,65.33,3295111,522381,290,259,224,5735731,98369,277 ,18453.00 ,30,13,73,10097,0.00 ,1557
Haidong,136,222700,7,115,35.86,18581,38,95.81,96.2,514,36091,4.7,37.94,47.08,1411021,438882,143,135,87,1212680,72108,344 ,12071.00 ,54,8,55,3321,446,1090
Yinchuan,286,11370,62,2455,40.91,6244,36,95.7,100,1964,0.00 ,3.2,42.41,53.77,3323605,473053,752,674,365,7708699,105653,285 ,18462.00 ,229,1,78,11124,4226,312
Shizuishan,75,13020,22,1290,43.82,53886,42,99.88,100,542,72083,6,47.79,45.2,1213531,169366,32,26,318,1044619,91602,100 ,6535.00 ,77,1,36,2388,1924,0.00 
Wuzhong,138,8580,15,521,42.74,5559,34,62.31,99.79,622,44330,6.2,43.89,42.44,2327754,377013,145,129,339,1770471,100167,324 ,13986.00 ,169,9,46,3481,592,0.00 
Guyuan,114,59710,11,824,41.22,943,25,97.58,99.54,352,29462,5.6,19.6,59.94,2536360,421577,82,68,60,1208233,110060,494 ,15157.00 ,99,9,105,3640,823,0.00 
Zhongwei,107,15300,9,393,43.63,11683,33,99.38,99.46,440,41122,0.3,39.77,44.77,1816780,289361,84,75,158,1281836,102042,245 ,11255.00 ,79,9,27,2223,585,0.00 
Urumqi,405,110521,128,3855,40.54,18104,47,99.28,100,3337,82314,0.3,27.21,71.98,5368738,849548,727,647,445,10435102,98907,283 ,24495.00 ,370,6,144,16817,7013,308
Karamay,46,44007,24,570,44,2280,26,96.11,100,887,180871,2.3,67.42,30.67,1117894,242324,26,23,97,955773,129545,48 ,3843.00 ,188,2,21,1480,2479,12
Turpan,69,126000,9,172,48.17,0.00 ,0.00 ,0.00 ,100,373,0.00 ,3.02,43.97,39.95,1111626,211982,13,12,161,553082,87678,147 ,10733.00 ,19,2,20,1559,409,200
Hami,67,124300,20,373,41.22,173143,29,95.47,100,608,0.00 ,4.68,58.06,34.54,1314024,190573,35,32,148,977832,92265,77 ,6767.00 ,22,4,57,1784,596,123
